login,timestamp,ip,status
admin,2026-01-12 00:04:03,unknown,fail
admin,2026-01-12 00:04:35,unknown,success
admin,2026-01-12 00:59:28,unknown,fail
admin,2026-01-12 00:59:52,unknown,fail
admin,2026-01-12 00:59:54,unknown,fail
admin,2026-01-12 01:00:02,unknown,fail
admin,2026-01-12 01:00:04,unknown,fail
admin,2026-01-12 01:00:33,unknown,fail
admin,2026-01-12 01:00:34,unknown,fail
admin,2026-01-12 01:00:50,unknown,fail
admin,2026-01-12 01:59:26,unknown,fail
admin,2026-01-12 02:00:06,unknown,fail
admin,2026-01-12 02:00:07,unknown,fail
admin,2026-01-12 02:00:08,unknown,fail
